"guide_id","title","owner_block","text","original_link"
1,"гайды","none","## Гайд по проверке заявлений на Zachёt

Студенты должны принести только распечатанное заполненное заявление. Оно может быть распечатанным на белом листе.

**Если заявление белое, то вы должны:**
* Если вдруг принесли заявление на 2 листах/страницах, то, скорее всего, человек случайно поменял ориентацию при печати. Попросите его/её перепечатать.
* Спросить, загружал ли человек фотографию на сайте ОПК?
  * Если нет, то можете принять заявление, но попросите, чтобы человек её загрузил, и чтобы она обязательно была в формате 3х4.
* Проверить наличие личной подписи на обеих половинках заявления.
* Проверить, правильно ли написан номер студака (должен начинаться на 02 и содержать 8 цифр). Если он написан неправильно, то попросите человека исправить номер на сайте ОПК. Если он сделает это при вас, то можете вручную исправить номер студака на обеих половинках и принять заявление. Иначе пусть исправит потом и перепечатает заявление.
* Если всё правильно, то заявление кладём в соответствующий лоток с документами.

**Если заявление оранжевое**, то просим распечатать белое с сайта.

> Заявление **НЕ ДОЛЖНО** выглядеть так, как на фото (то есть быть на двух страницах). Иначе надо попросить человека перепечатать, поменяв ориентацию печати.
```gallery
/img/zachet.png|так не надо
```
> Если кто-то приносит заявление на выход из профсоюза, то вместе с ним должна быть карта Zachёt, иначе его нельзя принимать. Если карта есть, то её надо выбросить, разрезать или т. п. (но лучше не перед самим студентом). А заявление надо положить туда же, куда и обычные заявления на вступление.

### Вопросы:

> **Когда ждать карту?**
> Как минимум через месяц после подачи заявления. Обычно именно столько ОПК делают карты. Плюс ещё какой-то срок на обработку и подачу заявления.

> **Что делать, если не знаешь ответ?**
> Если вы не можете ответить на вопрос студента, то попросите его написать мастеру блока Zachёt — Лёше Сенику (контакт есть в ссылках паблика Профкома ВМК) или в личные сообщения паблика Профком ВМК.

---

## Как принимать доки МП и БДНС?

### МП (Материальная помощь)

Студенты должны принести только распечатанное заполненное заявление. 

**Вы должны:**
* Проверить наличие личной подписи и подписи учебной части. Если их нет — отправляем подписывать.
* Уточнить, заполнил ли студент гугл-форму, прикрепив все подтверждающие документы и **подписанное в учебной части заявление** (студент может прикрепить заявление без подписей — это ошибка).
* Если студент **не заполнил** форму, то просим сфотографировать заявление и заполнить гугл-форму в ближайшее время (форма находится в паблике Профком ВМК). Физические подтверждения мы не принимаем.
* Проверить, что заявление нового образца (там **не должно** быть строчки «Председатель профкома факультета», а в бланке на билеты должно быть несколько пояснительных строчек под словами «Начальник курса»).
* Если всё правильно, то заявление убираем в файлик и кладём в соответствующий лоток с документами.

**Вопросы:**

> **Когда ждать денег?**
> Каждый месяц проводится комиссия, по решению которой в конце месяца выплачиваются деньги. Но заявление студента может не попасть на комиссию в тот же месяц, в который оно было подано. Поэтому следует подождать. Если при подаче заявления студент допустил ошибку, то его об этом уведомят.
> 
> **Какие документы нужны для категории?**
> Об этом вы можете узнать в паблике Профкома в меню разделе Мат. Помощь.
> 
> **Что делать, если не знаешь ответ?**
> Если вы не можете ответить на вопрос студента, то попросите его написать мастеру блока МП — Ане Бондаренко (контакт есть в ссылках паблика Профкома ВМК) или в личные сообщения паблика Профком ВМК.

---

### БДНС

Подача происходит только дистанционно. Студенты приносят оригинал заявления. Если студент — магистр 1 курса, то им необходимо заполнить заново только заявление.

**Вы должны:**
* Спросить, заполнена ли форма и прикреплены ли все документы.
* На заявлении проверить наличие личной подписи и **ПЕЧАТИ** учебной части. Если их нет — отправляем доделывать.
* Если всё правильно, то заявление убираем в файлик и кладём в соответствующий лоток с документами.

**Вопросы:**

> **Любой вопрос про документы, сроки подачи, варианты подачи и т.д.**
> Об этом вы можете узнать в паблике Профкома в меню разделе БДНС.
> 
> **Сколько выплачивают?**
> 1200 руб./мес., но обычно выплаты приходят раз в квартал.
> 
> **В заявлении нужен номер профсоюзного билета, а у меня его нет. (Человек не состоит в профсоюзе) Что делать?**
> Если вы не состоите в профсоюзе, то вы должны представить весь пакет документов в ОПК (ГЗ, каб. 1018а, 10:00 - 18:00).
> 
> **Что делать, если не знаешь ответ?**
> Если вы не можете ответить на вопрос студента, то попросите его написать мастеру блока БДНС — Диме Гудову (контакт есть в ссылках паблика Профкома ВМК) или в личные сообщения паблика Профком ВМК.",""
2,"информация","none","filter=true

## Активисты

```chip
Имя: Сын Шлюхи
ККР: Макс Сёмин
Группа: 107
Место жительства: ДСЛ
Блоки: УРС
Телефон: +712345678
ВК: vk.com/syn.shlyhi
ТГ: vk.com/syn.shlyhi
Почта: max@max.ru
Форма обучения: Бюджет
```

```chip
Имя: Авагян Армен Каренович
ККР: Авагян Армен
Группа: 324
Место жительства: Метро Озерная
Блоки: Склад,Техники,Фото
Телефон: 89688288304
ВК: https://vk.com/aksel2
ТГ: t.me/aksel2
Почта: armen0162@gmail.com
Форма обучения: Контракт
```

```chip
Имя: Алексеева Алена Алексеевна
ККР: Алексеева Алена(old)
Группа: 318
Место жительства: м. Шипиловская
Блоки: Видеолаба,Декораторы,Дизайн,Склад,Сценаристы,УРС,Фото,HR,IT,ДК
Телефон: 89163567797
ВК: https://vk.com/vrodealyona
ТГ: @megagnom111
Почта: alenushka2507@gmail.com
Форма обучения: Бюджет
```

```chip
Имя: Алексеева Алена Игоревна
ККР: Алексеева Алена(new)
Группа: 215
Место жительства: Одинцово, Садовая 28а
Блоки: МП
Телефон: 89639224348
ВК: https://vk.com/olenenok1108
ТГ: t.me/Alionka1108
Почта: alena.alekseeva.1108@gmail.com
Форма обучения: Бюджет
```

```chip
Имя: Альтерман Лев Михайлович
ККР: Альтерман Лев
Группа: 530
Место жительства: ЦСКА/Полежаевская
Блоки: Закупки,Спонсоры,Фото,Instagram
Телефон: 89163819339
ВК: https://vk.com/id246208831
ТГ: https://t.me/lev_alterman
Почта: leva.alm@gmail.com
Форма обучения: Бюджет
```

```chip
Имя: Андреев Илья Андреевич
ККР: Андреев Илья
Группа: 324
Место жительства: Одинцово, Говорова 50(станция Баковка)
Блоки: Сценаристы,Фото
Телефон: 89858741573
ВК: https://vk.com/id819691181
ТГ: @Fantom_1324
Почта: Andreyevilia@gmail.com
Форма обучения: Контракт
```

```chip
Имя: Андреева Елена Витальевна
ККР: Андреева Елена
Группа: 424
Место жительства: Гз
Блоки: Декораторы,УРС
Телефон: 89872218408
ВК: https://vk.com/sch__in
ТГ: t.me/sch_in_in
Почта: elenaand07062004@gmail.com
Форма обучения: Бюджет
```

```chip
Имя: Андреков Егор Вадимович
ККР: Андреков Егор
Группа: 212
Место жительства: Щелковская
Блоки: Дизайн,Спонсоры,Сценаристы,Instagram
Телефон: 89037684536
ВК: https://vk.com/id392290846
ТГ: @e_andrekov
Почта: e_andrekov@mail.ru
Форма обучения: Контракт
```

```chip
Имя: Аристова Алла Алексеевна
ККР: Аристова Алла
Группа: 102
Место жительства: ДСЛ
Блоки: Декораторы,Профорги,IT
Телефон: 89879444800
ВК: https://vk.com/allaristova
ТГ: https://t.me/allaristova
Почта: alla.aristovaa@gmail.com
Форма обучения: Бюджет
```

```chip
Имя: Балакин Денис Николаевич
ККР: Балакин Денис
Группа: 210
Место жительства: Лермонтовский проспект
Блоки: Видеолаба,Профорги,Instagram,IT
Телефон: 89685119529
ВК: https://vk.com/govna_pocket
ТГ: @gavkoshmig
Почта: Balakindenis3@gmail.com
Форма обучения: Бюджет
```

```chip
Имя: Барсуков Егор Сергеевич
ККР: Барсуков Егор
Группа: 141
Место жительства: ДСЛ
Блоки: Видеолаба,Декораторы,Дизайн,Техники
Телефон: +79528631032
ВК: https://vk.ru/id557684195
ТГ: https://t.me/Finin1
Почта: not.a.fi141@gmail.com
Форма обучения: Бюджет
```

```chip
Имя: Бедрин Павел Александрович
ККР: Бедрин Павел
Группа: 628
Место жительства: Бибирево
Блоки: Видеолаба,Дизайн
Телефон: 89212999793
ВК: https://vk.com/pbedrin
ТГ: https://t.me/pbedrin
Почта: s02240355@gse.cs.msu.ru
Форма обучения: Бюджет
```

```chip
Имя: Беппиев Георгий Игоревич
ККР: Беппиев Георгий
Группа: 312
Место жительства: Полежаевская/Хорошевская
Блоки: 
Телефон: 89260618663
ВК: https://vk.com/pmcvmk
ТГ: https://t.me/whatatimetobe_alive
Почта: georgy.beppiev@gmail.com
Форма обучения: Бюджет
```

```chip
Имя: Бодун Алена Александровна
ККР: Бодун Алена
Группа: 241
Место жительства: М Перово
Блоки: УРС,Фото
Телефон: 89057433029
ВК: https://vk.com/fafiuli
ТГ: @ulifafa
Почта: alenab2312@gmail.com
Форма обучения: Бюджет
```

```chip
Имя: Брылева София Алексеевна
ККР: Брылева София
Группа: 109
Место жительства: Калужская
Блоки: Техники
Телефон: 89155237482
ВК: https://vk.ru/id349973300
ТГ: t.me/bsofaa
Почта: brylevasofia7@gmail.com
Форма обучения: Бюджет
```

```chip
Имя: Булкин Антон Павлович
ККР: Булкин Антон
Группа: 417
Место жительства: ДС Б1533п
Блоки: Склад,HR,IT,ДК
Телефон: 89645938620
ВК: https://vk.com/pochtichekhov
ТГ: @pochti_chekhov
Почта: bulkin261@gmail.com
Форма обучения: Бюджет
```

```chip
Имя: Валиев Радмир Рамильевич
ККР: Валиев Радмир
Группа: 103
Место жительства: ДСЛ
Блоки: Декораторы
Телефон: 89088892318
ВК: https://vk.com/joyoftheworld
ТГ: https://t.me/radmyaus
Почта: vradmir2007@gmail.com
Форма обучения: Бюджет
```

```chip
Имя: Веревкин Илья Александрович
ККР: Веревкин Илья
Группа: 111
Место жительства: марьина роща
Блоки: Спонсоры,Техники
Телефон: 89835298840
ВК: https://vk.com/endrezza
ТГ: @zerenicca
Почта: endrezza@mail.ru
Форма обучения: Бюджет
```

```chip
Имя: Винокуров Кирилл Владимирович
ККР: Винокуров Кирилл
Группа: 321
Место жительства: Бабушкинская
Блоки: БДНС,Видеолаба,Декораторы,Дизайн,Склад,Сценаристы,Техники,HR,ДК
Телефон: 89099902934
ВК: https://vk.com/winesm0ker
ТГ: @WineSm0ker
Почта: kirikvin8490@gmail.com
Форма обучения: Бюджет
```

```chip
Имя: Вожга Маргарита Михайловна
ККР: Вожга Маргарита
Группа: 312
Место жительства: Аэропорт
Блоки: Instagram
Телефон: 89852183909
ВК: https://vk.com/vozhgar
ТГ: @vozhgar
Почта: vozhga.rita@gmail.com
Форма обучения: Бюджет
```

```chip
Имя: Воробьев Артем Андреевич
ККР: Воробьев Артем
Группа: 106
Место жительства: Москва, метро Раменки
Блоки: Дизайн,Техники,IT
Телефон: 89099257077
ВК: https://vk.com/arterics
ТГ: https://t.me/V_Arterics
Почта: vorobiev.artem07@gmail.com
Форма обучения: Контракт
```

```chip
Имя: Габриелян Арина Аристакесовна
ККР: Габриелян Арина
Группа: 307
Место жительства: -
Блоки: Закупки,ИнфоБлок,КГ
Телефон: 89055977141
ВК: @justintrovert
ТГ: @i_am_syclik
Почта: arihag2005@gmail.com
Форма обучения: Контракт
```

```chip
Имя: Глазунов Матвей Александрович
ККР: Глазунов Матвей
Группа: 317
Место жительства: ДСЛ
Блоки: Видеолаба,Дизайн
Телефон: +79878170134
ВК: vk.com/matvec21
ТГ: t.me/matvec21
Почта: glazunov.matveu.05@gmail.com
Форма обучения: Бюджет
```

```chip
Имя: Глущенко Анна Сергеевна
ККР: Глущенко Анна
Группа: 327
Место жительства: Красногвардейская
Блоки: Дизайн,ИнфоБлок,МП
Телефон: 89268906082
ВК: https://vk.com/a.glu2005
ТГ: @gl_anetta
Почта: annaglushchenko2005@gmail.com
Форма обучения: Бюджет
```

```chip
Имя: Гребеньков Максим Леонидович
ККР: Гребеньков Максим
Группа: 218
Место жительства: ДСЛ А726
Блоки: Видеолаба,Дизайн,Техники
Телефон: 89379655447
ВК: https://vk.com/ownage17
ТГ: @ownage17
Почта: mlgrebenkov@gmail.com
Форма обучения: Бюджет
```

```chip
Имя: Григорьев Александр Сергеевич
ККР: Григорьев Александр
Группа: 219
Место жительства: ДСЛ
Блоки: Дизайн,Профорги,Склад,Техники,ДК
Телефон: 89588214539
ВК: https://vk.com/rCronus
ТГ: @rCronus
Почта: optimus172006@gmail.com
Форма обучения: Бюджет
```

```chip
Имя: Гудов Дмитрий Олегович
ККР: Гудов Дмитрий
Группа: 321
Место жительства: ДСЛ, Б614
Блоки: БДНС,Декораторы,IT
Телефон: 89870738460
ВК: @gudov2015
ТГ: @kr0sh_512
Почта: dimagudov2@gmail.com
Форма обучения: Бюджет
```

```chip
Имя: Гуртовая Зоя Павловна
ККР: Гуртовая Зоя
Группа: 215
Место жительства: ДСЛ
Блоки: БДНС,Дизайн,Спонсоры,ДК
Телефон: 89206665032
ВК: https://vk.com/zoyagurtovaya
ТГ: Zoykka
Почта: zoagurtovaa10@gmail.com
Форма обучения: Бюджет
```

```chip
Имя: Денисов Егор Александрович
ККР: Денисов Егор
Группа: 417
Место жительства: ГЗ МГУ
Блоки: БДНС,УРС
Телефон: 89139782656
ВК: https://vk.com/i_d0nt_care_at_all
ТГ: @n0_fucking_way
Почта: eadenisoff@gmail.com
Форма обучения: Бюджет
```

```chip
Имя: Джиоев Владимир Аланович
ККР: Джиоев Владимир
Группа: 118
Место жительства: Метро Новые Черемушки
Блоки: Видеолаба,Спонсоры,ДК
Телефон: 89165823120
ВК: https://vk.com/vovagramm
ТГ: @djioty
Почта: vova.gioev566@gmail.com, а так основная почта i@vvgrmm.ru
Форма обучения: Бюджет
```

```chip
Имя: Диденко София Максимовна
ККР: Диденко София
Группа: 530
Место жительства: Селигерская
Блоки: HR
Телефон: 89152796640
ВК: @lommelykt
ТГ: @Microhylidae
Почта: sofochkadi@gmail.com
Форма обучения: Бюджет
```

```chip
Имя: Древаль Ксения Евгеньевна
ККР: Древаль Ксения
Группа: 218
Место жительства: Метро Пионерская или Славянский бульвар
Блоки: Декораторы,Дизайн,Сценаристы
Телефон: 89167109833
ВК: https://vk.com/inochinikirawareteiru
ТГ: t.me/not_ksesha
Почта: ksu.dreval@gmail.com
Форма обучения: Контракт
```

```chip
Имя: Елесин Евгений Валерьевич
ККР: Елесин Евгений
Группа: 108
Место жительства: Нагатинская
Блоки: Сценаристы,IT
Телефон: 89653722600
ВК: https://m.vk.com/evgen.elesin
ТГ: @elesin_e
Почта: elesin.ev
Форма обучения: Бюджет
```

```chip
Имя: Ефремова Ирина Дмитриевна
ККР: Ефремова Ирина
Группа: 405
Место жительства: мцд Химки
Блоки: ИнфоБлок,КГ,Склад,Сценаристы,HR,ДК
Телефон: 89772716778
ВК: https://vk.com/rise13167
ТГ: https://t.me/rise13167
Почта: riseefre@gmail.com
Форма обучения: Контракт
```

```chip
Имя: Жигалова Екатерина Валерьевна
ККР: Жигалова Екатерина
Группа: 209
Место жительства: ДСЛ
Блоки: Дизайн,Закупки,Фото
Телефон: 89209204119
ВК: https://vk.com/little.dragonn
ТГ: @little_dragon2611
Почта: Katyyyya2611@yandex.ru
Форма обучения: Бюджет
```

```chip
Имя: Жукова Наталия Дмитриевна
ККР: Жукова Наталия
Группа: 105
Место жительства: Дсл
Блоки: Декораторы,Дизайн,Техники
Телефон: 89605507712
ВК: vk.com/natttttttttttt
ТГ: @tuzikkkkk
Почта: nataliazukova763@gmail.com
Форма обучения: Бюджет
```

```chip
Имя: Журавков Даниил Дмитриевич
ККР: Журавков Даниил
Группа: 209
Место жительства: м. ольховая
Блоки: КГ,Сценаристы
Телефон: 89167375089
ВК: fidbess
ТГ: @fidbess
Почта: s02240137@gse.cs.msu.ru
Форма обучения: Бюджет
```

```chip
Имя: Журавков Денис Дмитриевич
ККР: Журавков Денис
Группа: 209
Место жительства: Ольховая
Блоки: КГ,Instagram
Телефон: 89167374905
ВК: vk.com/redden19
ТГ: @rvddn
Почта: denis_zhuravkov@rambler.ru
Форма обучения: Бюджет
```

```chip
Имя: Журавлева Светлана Викторовна
ККР: Журавлева Светлана
Группа: 205
Место жительства: щелковская
Блоки: Дизайн,Instagram
Телефон: 89161738399
ВК: https://vk.com/svetazhurr
ТГ: @zhurrs
Почта: svetazhur6@gmail.com
Форма обучения: Бюджет
```

```chip
Имя: Загатин Даниил Ильич
ККР: Загатин Даниил
Группа: 417
Место жительства: Метро Борисово
Блоки: БДНС,Декораторы,Дизайн,ИнфоБлок,Спонсоры,Склад,УРС,Zachёt,IT
Телефон: 89629692582
ВК: https://vk.com/daniilzagatin
ТГ: t.me/ZagatinDaniil
Почта: dan.zagatinr@gmail.com
Форма обучения: Бюджет
```

```chip
Имя: Зайцев Арсений Владимирович
ККР: Зайцев Арсений
Группа: 105
Место жительства: Смоленская
Блоки: Дизайн
Телефон: 89852049149
ВК: vk.com/jazzazello
ТГ: t.me/jazzazello
Почта: lufi.2023@gmail.com
Форма обучения: Контракт
```

```chip
Имя: Зайцева Яна Сергеевна
ККР: Зайцева Яна
Группа: 305
Место жительства: м. Белорусская/Динамо
Блоки: Фото
Телефон: 89161878586
ВК: https://vk.com/id124408879
ТГ: @yana_zaytseva28
Почта: 1878586@gmail.com
Форма обучения: Контракт
```

```chip
Имя: Захаркина Юлия Алексеевна
ККР: Захаркина Юлия
Группа: 141
Место жительства: Станция метро Котельники
Блоки: БДНС,КГ,Склад,Сценаристы,УРС,HR
Телефон: 89854452017
ВК: https://vk.com/id557099009
ТГ: @xa_Y3gO
Почта: zakharkinayua@gmail.com
Форма обучения: Бюджет
```

```chip
Имя: Зорин Михаил Иванович
ККР: Зорин Михаил
Группа: 102
Место жительства: ДСЛ, ломоносовский проспект 27к11, Б725
Блоки: Видеолаба,Техники
Телефон: 89586641400
ВК: https://vk.com/mmmzoro
ТГ: https://t.me/z30rro
Почта: mishka395648@gmail.com
Форма обучения: Бюджет
```

```chip
Имя: Игинашева Вероника Сергеевна
ККР: Игинашева Вероника
Группа: 113
Место жительства: ДСЛ
Блоки: БДНС,Профорги,Техники,Фото,Zachёt
Телефон: 89870515571
ВК: https://vk.com/veronika.great
ТГ: @nikoletta007
Почта: Veronika.iginasheva@gmail.com
Форма обучения: Бюджет
```

```chip
Имя: Ильин Артем Дмитриевич
ККР: Ильин Артем
Группа: 104
Место жительства: Проспект Вернадского
Блоки: ДК
Телефон: 89961669068
ВК: https://vk.com/universe103
ТГ: @CULTOFD
Почта: Artem.ilin.0405@gmail.com
Форма обучения: Бюджет
```

```chip
Имя: Казарян Тигран Ашотович
ККР: Казарян Тигран
Группа: 208
Место жительства: ДСЛ
Блоки: Видеолаба
Телефон: 89203294501
ВК: https://vk.com/id332309086
ТГ: t.me/mccfluriee
Почта: t.ghazaryan147@gmail.com
Форма обучения: Бюджет
```

```chip
Имя: Касаткин Максим Алексеевич
ККР: Касаткин Максим
Группа: 101
Место жительства: ДСЛ
Блоки: Дизайн
Телефон: +7 (999) 283-17-23
ВК: https://vk.ru/kasmaxim
ТГ: https://t.me/kasmaxim
Почта: mr.kasatkinma@gmail.com
Форма обучения: Бюджет
```

```chip
Имя: Кашкин Роман Алексеевич
ККР: Кашкин Роман
Группа: 328
Место жительства: Метро Ломоносовский проспект
Блоки: Досуг,Сценаристы,Фото
Телефон: 89250261065
ВК: https://vk.com/nuxai_bebrur
ТГ: @Kashkin_RA
Почта: dartberror@gmail.com
Форма обучения: Бюджет
```

```chip
Имя: Кизласова Маргарита Сергеевна
ККР: Кизласова Маргарита
Группа: 207
Место жительства: ДСЛ
Блоки: Закупки,ИнфоБлок
Телефон: 89241011853
ВК: https://vk.com/margarita.kizl
ТГ: @marmarkiz
Почта: margo555cat@gmail.com
Форма обучения: Бюджет
```

```chip
Имя: Коднир Михаил Леонидович
ККР: Коднир Михаил
Группа: 215
Место жительства: М. ВДНХ
Блоки: Досуг,Спонсоры,ДК
Телефон: 89167395906
ВК: https://vk.com/m1sh2ka
ТГ: @M1sh2ka
Почта: master1555se@gmail.com
Форма обучения: Бюджет
```

```chip
Имя: Кожевникова Мария Владимировна
ККР: Кожевникова Мария
Группа: 218
Место жительства: МО,г.Королев, станция Подлипки-Дачные
Блоки: ИнфоБлок,МП,ДК
Телефон: 89850759340
ВК: https://vk.com/obitelmashaka
ТГ: @Obitel_Mashaka
Почта: kozhmasha06@gmail.com
Форма обучения: Бюджет
```

```chip
Имя: Кокорев Петр Михайлович
ККР: Кокорев Петр
Группа: 113
Место жительства: метро Крылатское
Блоки: Дизайн
Телефон: 89687878776
ВК: https://vk.com/kokorevpp
ТГ: @kokorevvv
Почта: kokorevpp@gmail.com
Форма обучения: Бюджет
```

```chip
Имя: Концевая Александра Дмитриевна
ККР: Концевая Александра
Группа: 118
Место жительства: Беляево
Блоки: Дизайн,Склад,Техники,Instagram
Телефон: 89854214461
ВК: https://vk.com/a.sashka123
ТГ: @aleksashkaaXD
Почта: Alex.koncevil@mail.ru
Форма обучения: Контракт
```

```chip
Имя: Корж Евгения Юрьевна
ККР: Корж Евгения
Группа: 217
Место жительства: ст. метро Войковская
Блоки: Дизайн
Телефон: 89160065201
ВК: https://vk.com/evawinter_k
ТГ: https://t.me/EvaWinter_k
Почта: eva.korzh.05@mail.ru
Форма обучения: Бюджет
```

```chip
Имя: Коробкина Мария Владимировна
ККР: Коробкина Мария
Группа: 314
Место жительства: ДСЛ
Блоки: БДНС,Склад
Телефон: 89269883591
ВК: https://vk.com/k.mariette
ТГ: t.me/mariakorobkina
Почта: mariakorobkina458@gmail.com
Форма обучения: Бюджет
```

```chip
Имя: Котляревская Анна Евгеньевна
ККР: Котляревская Анна
Группа: 321
Место жительства: Дсл
Блоки: БДНС,Декораторы,Дизайн,КГ,Спонсоры,HR
Телефон: 89141913930
ВК: https://vk.com/whoami07
ТГ: t.me/an_kto
Почта: kotliarevskaiaanya@gmail.com
Форма обучения: Бюджет
```

```chip
Имя: Коцин Антон Олегович
ККР: Коцин Антон
Группа: 104
Место жительства: Ботанический сад
Блоки: Техники,IT
Телефон: 89165856669
ВК: https://vk.com/xddtzxaa
ТГ: @xddtzxaa
Почта: anton.kotsin@gmail.com
Форма обучения: Бюджет
```

```chip
Имя: Кочеткова Маргарита Сергеевна
ККР: Кочеткова Маргарита
Группа: 201
Место жительства: ДСЛ
Блоки: Дизайн,КГ,Сценаристы,HR,ДК
Телефон: 89773756944
ВК: https://vk.com/margokoch
ТГ: @margoretta
Почта: margo.koch.2006@gmail.com
Форма обучения: Бюджет
```

```chip
Имя: Кужагильдин Богдан Булатович
ККР: Кужагильдин Богдан
Группа: 107
Место жительства: ДСЛ
Блоки: Склад
Телефон: 89507359993
ВК: vk.com/papa_katsuu
ТГ: t.me/marr0xx
Почта: bogdanplay922@gmail.com
Форма обучения: Бюджет
```

```chip
Имя: Кузовлева Виктория Андреевна
ККР: Кузовлева Виктория
Группа: 327
Место жительства: Медведково
Блоки: ИнфоБлок,Сценаристы
Телефон: 89772802774
ВК: https://vk.com/astvic
ТГ: @astviori
Почта: astvicori@gmail.com
Форма обучения: Бюджет
```

```chip
Имя: Кузьмина Елизавета Васильевна
ККР: Кузьмина Елизавета
Группа: 630
Место жительства: ГЗ
Блоки: Декораторы,Закупки,Фото,HR
Телефон: 89200526042
ВК: https://vk.com/domovenokkkuzya
ТГ: @domovenokkkuzya
Почта: Kuzminaev.289@gmail.com
Форма обучения: Бюджет
```

```chip
Имя: Кукузей Никита Александрович
ККР: Кукузей Никита
Группа: 201
Место жительства: Потапово
Блоки: Сценаристы,IT,ДК
Телефон: 89831164899
ВК: @nikitakukuzey
ТГ: @Nikita_Kukuzey
Почта: kukuzey.n.a@gmail.com
Форма обучения: Бюджет
```

```chip
Имя: Куликов Артем Александрович
ККР: Куликов Артем
Группа: 325
Место жительства: м. Ломоносовский проспект
Блоки: МП,Zachёt
Телефон: 89652028486
ВК: https://vk.com/kulikov_artem204
ТГ: https://t.me/artkul204
Почта: artkul204@gmail.com
Форма обучения: Бюджет
```

```chip
Имя: Куницкий Даниил Сергеевич
ККР: Куницкий Даниил
Группа: 113
Место жительства: Метро Юго-западная
Блоки: Видеолаба,Декораторы,Дизайн,КГ
Телефон: 89258491021
ВК: https://vk.ru/kunitskiy_7
ТГ: t.me/Kunitsky_23
Почта: danmarten23@gmail.com
Форма обучения: Контракт
```

```chip
Имя: Кураева Валентина Евгеньевна
ККР: Кураева Валентина
Группа: 212
Место жительства: ДСЛ
Блоки: Декораторы,ИнфоБлок,КГ,Сценаристы,ДК
Телефон: 89376593210
ВК: https://vk.com/klevoeimmya
ТГ: https://t.me/Vakuraeva
Почта: vakuraeva@gmail.com
Форма обучения: Бюджет
```

```chip
Имя: Курбанов Арслан Азатович
ККР: Курбанов Арслан
Группа: 106
Место жительства: ДСЛ
Блоки: Профорги,Спонсоры
Телефон: 89874735911
ВК: https://vk.com/ars4iko
ТГ: https://t.me/ARSLANKU
Почта: kurbanovarslan228@gmail.com
Форма обучения: Бюджет
```

```chip
Имя: Курганский Леонид Олегович
ККР: Курганский Леонид
Группа: 328
Место жительства: Дс
Блоки: Техники
Телефон: 89180104888
ВК: https://vk.com/p.volokusha
ТГ: @Locus_poc
Почта: Kurganskiyy.leonid@gmail.com
Форма обучения: Бюджет
```

```chip
Имя: Лазарев Глеб Альбертович
ККР: Лазарев Глеб
Группа: 101
Место жительства: г.о. Красногорск, Подмосковный б-р 6., метро Мякинино
Блоки: Видеолаба,КГ,Техники
Телефон: +79999889210
ВК: https://m.vk.com/unrealeye
ТГ: t.me/maminanejnost
Почта: xleagled180@gmail.com
Форма обучения: Бюджет
```

```chip
Имя: Ларин Святослав Алексеевич
ККР: Ларин Святослав
Группа: 217
Место жительства: Спартак
Блоки: КГ
Телефон: +7 922 799 40 18
ВК: https://vk.ru/cveticsemecvetic
ТГ: https://t.me/cveticsemecvetic
Почта: Salarin2006@gmail.com
Форма обучения: Бюджет
```

```chip
Имя: Лебедев Иван Александрович
ККР: Лебедев Иван
Группа: 113
Место жительства: м. Аминьевская
Блоки: Дизайн,МП,УРС,Фото
Телефон: 89264453636
ВК: vk.com/lebeda_vanya
ТГ: @i_lebeda
Почта: lebeda3636@gmail.com
Форма обучения: Бюджет
```

```chip
Имя: Лепик Виктор Васильевич
ККР: Лепик Виктор
Группа: 209
Место жительства: ПРОФСОЮЗНАЯ
Блоки: Техники,УРС
Телефон: 89167850320
ВК: lepik2000
ТГ: victorlep
Почта: viktorino12551@gmail.com
Форма обучения: Бюджет
```

```chip
Имя: Логвинова Мария Максимовна
ККР: Логвинова Мария
Группа: 316
Место жительства: Дсл
Блоки: Декораторы,ИнфоБлок,МП,Профорги
Телефон: 89163818756
ВК: https://vk.com/maria_logg
ТГ: @more_logical
Почта: maria.logvinova05@gmail.com
Форма обучения: Бюджет
```

```chip
Имя: Лукинова Мария Андреевна
ККР: Лукинова Мария
Группа: 108
Место жительства: метро ЦСКА
Блоки: ИнфоБлок,МП,Спонсоры
Телефон: 89252372330
ВК: https://vk.com/luma_07
ТГ: https://t.me/luma_07
Почта: mariaalukinova@gmail.com
Форма обучения: Бюджет
```

```chip
Имя: Лякина Юлия Сергеевна
ККР: Лякина Юлия
Группа: 316
Место жительства: ДСЛ, Б-838
Блоки: Декораторы,Дизайн,Спонсоры,Instagram
Телефон: 89605389951
ВК: https://vk.com/id_qween_sarkazm
ТГ: @Cruchu_yulU
Почта: julialyakina76@gmail.ru
Форма обучения: Бюджет
```

```chip
Имя: Малахов Александр Андреевич
ККР: Малахов Александр
Группа: 516
Место жительства: ДС (ГЗ)
Блоки: Декораторы,Склад,УРС
Телефон: 89534367505
ВК: https://vk.com/v1sp1
ТГ: @Vispi0_o
Почта: s02250483@gse.cs.msu.ru
Форма обучения: Бюджет
```

```chip
Имя: Мальчевский Степан Алексеевич
ККР: Мальчевский Степан
Группа: 521
Место жительства: Б1304пр
Блоки: Видеолаба,Декораторы,HR
Телефон: 89168471442
ВК: vk.com/your_dark_halfy
ТГ: t.me/usamstudent
Почта: usamstudent21@gmail.com
Форма обучения: Бюджет
```

```chip
Имя: Матвиенко Варвара Максимовна
ККР: Матвиенко Варвара
Группа: 241
Место жительства: ДСЛ
Блоки: Спонсоры,Сценаристы,Фото,HR,IT
Телефон: 89642905501
ВК: https://vk.com/varanm
ТГ: @Varya_Matvi
Почта: varvara.paranixa3@gmail.com
Форма обучения: Бюджет
```

```chip
Имя: Мельдианов Лев Ильич
ККР: Мельдианов Лев
Группа: 119
Место жительства: м. Щукинская
Блоки: Видеолаба,Дизайн,Склад,IT
Телефон: 79055631770
ВК: https://vk.com/levmeld
ТГ: t.me/LevMel
Почта: levmeldianov01@gmail.com
Форма обучения: Бюджет
```

```chip
Имя: Минько Елисавета Сергеевна
ККР: Минько Елисавета
Группа: 108
Место жительства: м. Парк Победы
Блоки: БДНС,Склад,Техники,HR,Zachёt
Телефон: 89163072604
ВК: https://vk.com/lisaminko
ТГ: @lisaminko
Почта: Lisaminko28@gmail.com
Форма обучения: Бюджет
```

```chip
Имя: Митрофанов Андрей Сергеевич
ККР: Митрофанов Андрей
Группа: 327
Место жительства: Апрелевка
Блоки: Видеолаба,Дизайн,КГ,Спонсоры,Сценаристы,Техники,УРС,IT
Телефон: 89778080814
ВК: vk.com/mitand13
ТГ: @MitAnd13
Почта: a.mitrofanov.1270@gmail.com
Форма обучения: Бюджет
```

```chip
Имя: Митькиных Мария Алексеевна
ККР: Митькиных Мария
Группа: 111
Место жительства: Спортивная
Блоки: Декораторы,Дизайн,ИнфоБлок,Сценаристы
Телефон: 89642520505
ВК: https://vk.com/typapypaa
ТГ: https://t.me/typapypaa
Почта: mariamitki07@gmail.com
Форма обучения: Бюджет
```

```chip
Имя: Мозжухин Александр Васильевич
ККР: Мозжухин Александр
Группа: 421
Место жительства: ГЗ Б1257л (также МЦД2 Опалиха)
Блоки: ИнфоБлок,Склад,Сценаристы,HR,IT
Телефон: 89269031263
ВК: https://vk.com/aleks_mozzhukhin
ТГ: t.me/aleksandr_mozzhukhin
Почта: mozhuhin71@gmail.com
Форма обучения: Бюджет
```

```chip
Имя: Моисеев Даниил Александрович
ККР: Моисеев Даниил
Группа: 141
Место жительства: Общежитие ДСЛ
Блоки: IT
Телефон: 89663181268
ВК: https://vk.com/id637253494
ТГ: @tuulenu
Почта: daniildantes25@gmail.com
Форма обучения: Бюджет
```

```chip
Имя: Морозова Виктория Егоровна
ККР: Морозова Виктория
Группа: 108
Место жительства: ГЗ (корпус Б)
Блоки: Закупки,Техники,Zachёt,ДК
Телефон: 89040072644
ВК: https://vk.com/sishis
ТГ: t.me/tuulenu
Почта: lipatovavika81@gmail.com
Форма обучения: Контракт
```

```chip
Имя: Мухтаров Азамат Фарходович
ККР: Мухтаров Азамат
Группа: 207
Место жительства: ДСЛ
Блоки: Досуг,Закупки,Спонсоры,Zachёt
Телефон: 89250611727
ВК: https://vk.com/kot246
ТГ: @kot246
Почта: arthurhastings56@gmail.com
Форма обучения: Бюджет
```

```chip
Имя: Найденова Дария Михайловна
ККР: Найденова Дария
Группа: 321
Место жительства: М. Мичуринский проспект
Блоки: МП,УРС,Zachёt
Телефон: 89852739628
ВК: https://vk.com/yomso_imnida
ТГ: @yomso_imnida
Почта: st02220039@gse.cs.msu.ru
Форма обучения: Бюджет
```

```chip
Имя: Никитина София-Мария Игоревна
ККР: Никитина София-Мария
Группа: 117
Место жительства: Домодедовская
Блоки: КГ,Сценаристы
Телефон: 89851759365
ВК: https://m.vk.com/sofmary
ТГ: @sofmary
Почта: s02250202@gse.cs.msu.ru
Форма обучения: Бюджет
```

```chip
Имя: Новикова Юлия Александровна
ККР: Новикова Юлия
Группа: 319/1
Место жительства: ДСЛ
Блоки: Видеолаба,Сценаристы
Телефон: 89162773336
ВК: @janeair2004
ТГ: @kasatka0
Почта: novyule4ka@gmail.com
Форма обучения: Бюджет
```

```chip
Имя: Новоселов Степан Александрович
ККР: Новоселов Степан
Группа: 110
Место жительства: Ясенево
Блоки: IT
Телефон: 79269692220
ВК: https://vk.ru/stepannovoselov
ТГ: t.me/stpnnr
Почта: stepannovoselov79@gmail.com
Форма обучения: Бюджет
```

```chip
Имя: Обрядчикова Анастасия Романовна
ККР: Обрядчикова Анастасия
Группа: 520
Место жительства: ГЗ
Блоки: ИнфоБлок,Сценаристы
Телефон: 89535632380
ВК: https://vk.com/slishkom_zanita
ТГ: @obryadchikova_tg
Почта: s02250512@gse.cs.msu.ru
Форма обучения: Бюджет
```

```chip
Имя: Овсянникова Софья Алексеевна
ККР: Овсянникова Софья
Группа: 414
Место жительства: метро Коломенская
Блоки: Дизайн,Спонсоры
Телефон: 89685300818
ВК: https://vk.com/justosa
ТГ: t.me/sofyaovsyannikova
Почта: alokaziya05@gmail.com
Форма обучения: Бюджет
```

```chip
Имя: Огай Владислав Леонидович
ККР: Огай Владислав
Группа: 324
Место жительства: ДСЛ
Блоки: Декораторы,КГ,Техники,Фото,ДК
Телефон: 89615019328
ВК: https://vk.com/o.vladisluvv
ТГ: @ovladisluvv
Почта: s02230206@gse.cs.msu.ru
Форма обучения: Бюджет
```

```chip
Имя: Орен Сюлейман Салих Хюсейинович
ККР: Орен Сюлейман
Группа: 119
Место жительства: ДСЛ, А0825
Блоки: Видеолаба,Дизайн,Техники
Телефон: 89200518152
ВК: https://vk.com/sulikcs
ТГ: https://t.me/sulikcs
Почта: orensuleyman03@gmail.com
Форма обучения: Бюджет
```

```chip
Имя: Островский Алексей Дмитриевич
ККР: Островский Алексей
Группа: 520
Место жительства: ДС МГУ
Блоки: 
Телефон: +79235762003
ВК: @good_s0up
ТГ: @super_truper
Почта: s02250521@gse.cs.msu.ru
Форма обучения: Бюджет
```

```chip
Имя: Павлов Егор Анатольевич
ККР: Павлов Егор
Группа: 118
Место жительства: М. Владыкино
Блоки: Видеолаба,IT
Телефон: 89089377440
ВК: https://vk.com/parapaparu
ТГ: https://t.me/parapaparu
Почта: s02250211@gse.cs.msu.ru
Форма обучения: Бюджет
```

```chip
Имя: Панкин Дмитрий Алексеевич
ККР: Панкин Дмитрий
Группа: 205
Место жительства: Тропарево
Блоки: Декораторы,Профорги,Сценаристы
Телефон: 89859602986
ВК: https://vk.com/dimpank
ТГ: @nikafuu
Почта: venhic2287772282017z@gmail.com
Форма обучения: Бюджет
```

```chip
Имя: Панов Данила Дмитриевич
ККР: Панов Данила
Группа: 527
Место жительства: ГЗ Б1430
Блоки: Видеолаба,УРС,Фото
Телефон: 89275292190
ВК: @astroboy
ТГ: @dannyy_boyy
Почта: panda.nya.170300@gmail.com
Форма обучения: Бюджет
```

```chip
Имя: Панфилова Арина Павловна
ККР: Панфилова Арина
Группа: 205
Место жительства: ДСЛ
Блоки: Декораторы,УРС,Фото,ДК
Телефон: 89169937248
ВК: https://m.vk.com/fairiefaiza
ТГ: https://t.me/ttenkos
Почта: arisha.panfilova@gmail.com
Форма обучения: Бюджет
```

```chip
Имя: Пелевина Виктория Сергеевна
ККР: Пелевина Виктория
Группа: 323
Место жительства: ДСЛ
Блоки: БДНС,Декораторы,Фото,ДК
Телефон: 89109809096
ВК: https://vk.com/vickydoll
ТГ: @vikidoll15
Почта: vika100484@gmail.com
Форма обучения: Бюджет
```

```chip
Имя: Пескова Карина Олеговна
ККР: Пескова Карина
Группа: 317
Место жительства: ДСЛ А805
Блоки: Дизайн,Досуг
Телефон: 89127870807
ВК: https://vk.com/aka_pesok
ТГ: @peskova.kar
Почта: karina.peskova2018@yandex.ru
Форма обучения: Бюджет
```

```chip
Имя: Плинский Максим Евегньевич
ККР: Плинский Максим
Группа: 320
Место жительства: Марьина роща
Блоки: Техники
Телефон: 89165820775
ВК: https://vk.com/id593749334
ТГ: @plinmax
Почта: s02230033@gse.cs.msu.ru
Форма обучения: Бюджет
```

```chip
Имя: Подъяблонский Егор Петрович
ККР: Подъяблонский Егор
Группа: 317
Место жительства: м. Академическая
Блоки: Склад,HR,IT,ДК
Телефон: 89853359574
ВК: https://vk.com/pardee
ТГ: t.me/pardee_sss
Почта: egorpo005@gmail.com
Форма обучения: Бюджет
```

```chip
Имя: Полторак Сергей Андреевич
ККР: Полторак Сергей
Группа: 209
Место жительства: Мытищи
Блоки: Декораторы,Дизайн,КГ
Телефон: +79153506997
ВК: vk.com/sergeypltrk
ТГ: t.me/Sergey_Poltorak
Почта: sergey.poltorak.main@gmail.com
Форма обучения: Контракт
```

```chip
Имя: Полянин Даниил Денисович
ККР: Полянин Даниил
Группа: 208
Место жительства: Потапово
Блоки: Спонсоры
Телефон: 89259067475
ВК: vk.com/pdaniil178
ТГ: t.me/pdaniil178
Почта: esmadani178@gmail.com
Форма обучения: Контракт
```

```chip
Имя: Попова Мария Андреевна
ККР: Попова Мария
Группа: 312
Место жительства: м Чертановская
Блоки: Дизайн,Закупки,HR
Телефон: 89851577636
ВК: @bul_pelmeshka
ТГ: @maniarochka
Почта: maniarochka@gmail.com
Форма обучения: Бюджет
```

```chip
Имя: Прокофьева Екатерина Александровна
ККР: Прокофьева Екатерина
Группа: 114
Место жительства: Славянский бульвар
Блоки: КГ,Склад
Телефон: 89652110070
ВК: https://vk.com/opoz0n
ТГ: @opozonchik
Почта: yekaterina_1994@internet.ru
Форма обучения: Контракт
```

```chip
Имя: Пугин Павел Андреевич
ККР: Пугин Павел
Группа: 218
Место жительства: ДСЛ
Блоки: Техники,УРС
Телефон: 89058688282
ВК: @totalnyglinomes
ТГ: @svyatoypelmen
Почта: pavpugin27@gmail.com
Форма обучения: Бюджет
```

```chip
Имя: Разумова Любовь Дмитриевна
ККР: Разумова Любовь
Группа: 320
Место жительства: рязанский проспект
Блоки: 
Телефон: 89150983953
ВК: https://vk.com/b.a.lyu_r
ТГ: http://t.me/razumova_lb
Почта: razumovalb11@gmail.com
Форма обучения: Бюджет
```

```chip
Имя: Ратова Ярослава Юрьевна
ККР: Ратова Ярослава
Группа: 391
Место жительства: Смоленская
Блоки: КГ,Сценаристы
Телефон: 89776810235
ВК: @yasia3339
ТГ: @Yasya227
Почта: s02230230@gse.cs.msu.ru
Форма обучения: Бюджет
```

```chip
Имя: Ренкас Владислав Вячеславович
ККР: Ренкас Владислав
Группа: 321
Место жительства: М. Лесопарковая
Блоки: Досуг,Спонсоры,Склад,Фото,ДК
Телефон: 89165199242
ВК: https://vk.com/renkasvmk
ТГ: @V_lad_M_ren_K_as
Почта: Enofin7@gmail.com
Форма обучения: Бюджет
```

```chip
Имя: Ровенский Михаил Юрьевич
ККР: Ровенский Михаил
Группа: 320
Место жительства: Сходненская
Блоки: Видеолаба,IT
Телефон: 89854716270
ВК: @mrovensky
ТГ: @mrovensky
Почта: mikhail.rovenskiy1@gmail.com
Форма обучения: Бюджет
```

```chip
Имя: Рогожкина Алина Дмитриевна
ККР: Рогожкина Алина
Группа: 101
Место жительства: Пятницкое шоссе
Блоки: Спонсоры,IT,ДК
Телефон: 89164861469
ВК: @rogozhkina_ad
ТГ: @rogozhkinaAD
Почта: alinochka.rog@gmail.com
Форма обучения: Бюджет
```

```chip
Имя: Румянцева Мария Максимовна
ККР: Румянцева Мария
Группа: 105
Место жительства: ДСЛ
Блоки: 
Телефон: 79157074202
ВК: https://vk.ru/masha_lw
ТГ: https://t.me/masha_lw
Почта: mariar678800@gmail.com
Форма обучения: Бюджет
```

```chip
Имя: Рурак Роман
ККР: Рурак Роман
Группа: 118
Место жительства: МЦД Внуково/м. Технопарк
Блоки: Видеолаба,Спонсоры,Instagram
Телефон: 89918879937
ВК: https://vk.com/darkmtl
ТГ: @darkmtl1
Почта: romarurac355@gmail.com
Форма обучения: Контракт
```

```chip
Имя: Рыбникова Дарья Олеговна
ККР: Рыбникова Дарья
Группа: 402
Место жительства: м. Озерная
Блоки: УРС
Телефон: 89255977450
ВК: https://vk.com/deathtosinners
ТГ: @doenergy
Почта: s02220222@gse.cs.msu.ru
Форма обучения: Бюджет
```

```chip
Имя: Рыжикова Анастасия Дмитриевна
ККР: Рыжикова Анастасия
Группа: 416
Место жительства: Общага ГЗ
Блоки: Декораторы,Дизайн,HR
Телефон: 89105177998
ВК: https://vk.com/ananastasiar
ТГ: @sia_rrr
Почта: Anastasiia.ryzhikova@gmail.com
Форма обучения: Бюджет
```

```chip
Имя: Рязанов Иван Александрович
ККР: Рязанов Иван
Группа: 206
Место жительства: ДСЛ
Блоки: КГ,Сценаристы
Телефон: 89534753914
ВК: https://vk.com/diceholder
ТГ: t.me/Rostendrigs
Почта: Profecor495@gmail.com
Форма обучения: Бюджет
```

```chip
Имя: Рясков Федор Михайлович
ККР: Рясков Федор
Группа: 113
Место жительства: Бирюлево (там нет метро)
Блоки: Сценаристы
Телефон: 89774603201
ВК: @ferran505
ТГ: @ferrero505
Почта: fedorryaskov@gmail.com
Форма обучения: Бюджет
```

```chip
Имя: Саакян Грант Руштунович
ККР: Саакян Грант
Группа: 206
Место жительства: Метро Кузьминки
Блоки: Закупки,Спонсоры,Zachёt
Телефон: 89035491160
ВК: https://vk.com/saakyangrant
ТГ: @saakyan_gr
Почта: saakyangrant2006@gmail.com
Форма обучения: Бюджет
```

```chip
Имя: Саратовкин Николай Михайлович
ККР: Саратовкин Николай
Группа: 112
Место жительства: ДСЛ
Блоки: ИнфоБлок,Техники
Телефон: 89054447547
ВК: https://vk.com/id671758971
ТГ: @Operrnick
Почта: saratovkin@gmail.com
Форма обучения: Бюджет
```

```chip
Имя: Семин Максим Дмитриевич
ККР: Семин Максим
Группа: 107
Место жительства: ДСЛ
Блоки: Склад,Техники,УРС
Телефон: 89197663816
ВК: https://vk.com/tyzvrykave
ТГ: @tyzvrykave
Почта: semaksim15@gmail.com
Форма обучения: Бюджет
```

```chip
Имя: Скабалланович Полина Алексеевна
ККР: Скабалланович Полина
Группа: 108
Место жительства: Кропоткинская
Блоки: МП,Профорги,Сценаристы
Телефон: 89169996498
ВК: https://vk.com/ostrovushkolli
ТГ: t.me/ostrovushka
Почта: p9169996498@gmail.com
Форма обучения: Бюджет
```

```chip
Имя: Скаленко Юлия Павловна
ККР: Скаленко Юлия
Группа: 204
Место жительства: ДСЛ А820
Блоки: Декораторы,Дизайн,Instagram
Телефон: 89119983445
ВК: https://vk.com/skalenko0
ТГ: @yulya_skal
Почта: skalenkoulia52@gmail.com
Форма обучения: Бюджет
```

```chip
Имя: Скотникова Елизавета Игоревна
ККР: Скотникова Елизавета
Группа: 201
Место жительства: Люблино
Блоки: Instagram
Телефон: 89260800526
ВК: https://vk.com/sk0tnik0va
ТГ: @skotnikova_06
Почта: skotnikova.lizochka06@gmail.com
Форма обучения: Бюджет
```

```chip
Имя: Слободин Дмитрий Сергеевич
ККР: Слободин Дмитрий
Группа: 417
Место жительства: Гз
Блоки: Закупки,Склад
Телефон: 89024491431
ВК: https://vk.com/d.slobodin2013
ТГ: @mrgorolom
Почта: mrgorolom@gmail.com
Форма обучения: Бюджет
```

```chip
Имя: Среданович Мария Максимовна
ККР: Среданович Мария
Группа: 318
Место жительства: м. Пражская
Блоки: Дизайн
Телефон: 89253453362
ВК: @sredamar
ТГ: @sredamar
Почта: marusys2005@gmail.com
Форма обучения: Бюджет
```

```chip
Имя: Стрелкина Ирина Викторовна
ККР: Стрелкина Ирина
Группа: 321
Место жительства: ДСЛ
Блоки: ИнфоБлок,МП,Сценаристы
Телефон: 89262542600
ВК: Stre1kina
ТГ: Stre1kina
Почта: Irina.s.irina.s19@gmail.com
Форма обучения: Бюджет
```

```chip
Имя: Суховерхов Михаил Александрович
ККР: Суховерхов Михаил
Группа: 217
Место жительства: ДСЛ
Блоки: Спонсоры
Телефон: 89876290747
ВК: https://vk.com/michael5s
ТГ: https://t.me/michaell5s
Почта: mihasuhov.alex@gmail.com
Форма обучения: Бюджет
```

```chip
Имя: Толстова Анна Федоровна
ККР: Толстова Анна
Группа: 412
Место жительства: ДСК
Блоки: HR,Zachёt
Телефон: 89806777062
ВК: https://vk.com/s.a.f3141592
ТГ: t.me/staf_ka04
Почта: anna.sosulnikova04@gmail.com
Форма обучения: Бюджет
```

```chip
Имя: Точаева Татьяна Антоновна
ККР: Точаева Татьяна
Группа: 321
Место жительства: Партизанска/ДСЛ А821
Блоки: Досуг,ИнфоБлок,IT
Телефон: 89629967244
ВК: https://vk.com/skoliriant
ТГ: t.me/skoliriant
Почта: t.tochaeva@gmail.com
Форма обучения: Бюджет
```

```chip
Имя: Тыцкая Екатерина Игоревна
ККР: Тыцкая Екатерина
Группа: 314
Место жительства: ДСЛ
Блоки: БДНС,ИнфоБлок
Телефон: 89649082460
ВК: https://vk.com/ktkyhtam
ТГ: @Tkyww
Почта: katyatytskaya23@gmail.com
Форма обучения: Бюджет
```

```chip
Имя: Утешева Екатерина Евгеньевна
ККР: Утешева Екатерина
Группа: 421
Место жительства: Прокшино
Блоки: Дизайн,IT
Телефон: 89226502326
ВК: https://vk.com/programmer_owl
ТГ: t.me/FukuroM
Почта: utesheva.e.e@gmail.com
Форма обучения: Бюджет
```

```chip
Имя: Уткин Тимофей Романович
ККР: Уткин Тимофей
Группа: 119
Место жительства: Новогиреево
Блоки: Профорги,УРС,Фото
Телефон: 89857324010
ВК: https://vk.com/tualetniy_ytenok
ТГ: https://t.me/geniymover
Почта: utkintimofej87@gmail.com
Форма обучения: Бюджет
```

```chip
Имя: Уткина Ульяна Сергеевна
ККР: Уткина Ульяна
Группа: 513
Место жительства: Нагорная
Блоки: КГ,Профорги,Фото
Телефон: 89629614545
ВК: https://vk.com/uliana_jane
ТГ: @uliana_jane
Почта: ulyautkinaa@gmail.com
Форма обучения: Бюджет
```

```chip
Имя: Фомина Ольга Владимировна
ККР: Фомина Ольга
Группа: 318
Место жительства: ДСЛ
Блоки: Закупки,Фото,Instagram
Телефон: 89172137361
ВК: https://vk.com/olteff
ТГ: @olteff
Почта: s02230282@gse.cs.msu.ru
Форма обучения: Бюджет
```

```chip
Имя: Фоминых Владимир Назарович
ККР: Фоминых Владимир
Группа: 117
Место жительства: ФДС
Блоки: Декораторы,IT
Телефон: 89619333607
ВК: https://vk.com/star_bond
ТГ: t.me/Bondystar
Почта: vovafominyh469@gmail.com
Форма обучения: Контракт
```

```chip
Имя: Фролова Ольга Витальевна
ККР: Фролова Ольга
Группа: 423
Место жительства: ГЗ
Блоки: Декораторы,Сценаристы,УРС
Телефон: 89325473313
ВК: https://vk.com/olyansssk
ТГ: @olyanssssk
Почта: Olyaf12309@gmail.com
Форма обучения: Бюджет
```

```chip
Имя: Фролова Ульяна Андреевна
ККР: Фролова Ульяна
Группа: 105
Место жительства: ДСЛ
Блоки: Декораторы,Дизайн,Закупки
Телефон: 89524705405
ВК: https://vk.com/ulfrolova
ТГ: @wvfuek
Почта: ulyna.frolova@gmail.com
Форма обучения: Бюджет
```

```chip
Имя: Хромова Анастасия Ярославовна
ККР: Хромова Анастасия
Группа: 101
Место жительства: ДСЛ
Блоки: Видеолаба,Декораторы,Дизайн,Фото
Телефон: 89657264984
ВК: @angpshdpi
ТГ: @Gudugxgix
Почта: nastyakhromova07@gmail.com
Форма обучения: Бюджет
```

```chip
Имя: Худяков Даниил Валерьевич
ККР: Худяков Даниил
Группа: 530повс
Место жительства: ДСЛ, Б530
Блоки: Досуг
Телефон: 89143612800
ВК: vk.com/orange_ju1ce
ТГ: @daniilssss
Почта: hydikovv17914@gmail.com
Форма обучения: Бюджет
```

```chip
Имя: Цуканов Максим Валерьевич
ККР: Цуканов Максим
Группа: 219
Место жительства: ДСЛ
Блоки: Видеолаба,Закупки,ИнфоБлок,Техники
Телефон: 89187752171
ВК: https://vk.com/fortunat
ТГ: @Bbbjjdjdj
Почта: retromf182007@gmail.com
Форма обучения: Бюджет
```

```chip
Имя: Цыбин Семен Михайлович
ККР: Цыбин Семен
Группа: 219
Место жительства: Отрадное
Блоки: Декораторы,Сценаристы
Телефон: 89641918316
ВК: https://vk.com/chill_ts
ТГ: @barabereberebara
Почта: tsybinsm@gmail.com
Форма обучения: Контракт
```

```chip
Имя: Чистоперов Сергей Артемович
ККР: Чистоперов Сергей
Группа: 302
Место жительства: ДСЛ
Блоки: Декораторы,Закупки,Склад,УРС,IT
Телефон: 89301612377
ВК: https://vk.com/pos5sup
ТГ: @pos5sup
Почта: serg.chistoperov@gmail.com
Форма обучения: Бюджет
```

```chip
Имя: Чувпило Александр Денисович
ККР: Чувпило Александр
Группа: 104
Место жительства: Аминьевская
Блоки: Спонсоры,IT,ДК
Телефон: 89817603442
ВК: https://vk.com/id539139404
ТГ: https://t.me/Chuvpilo_Alexander
Почта: sasacuvpilo@gmail.com
Форма обучения: Бюджет
```

```chip
Имя: Шагалиева Диана Руслановна
ККР: Шагалиева Диана
Группа: 118
Место жительства: Технопарк
Блоки: Закупки,Склад,Техники
Телефон: 89263900866
ВК: https://vk.com/id599683767
ТГ: t.me/Di_shr
Почта: shagalieva.d@gmail.com
Форма обучения: Бюджет
```

```chip
Имя: Шадже Анзор Азаматович
ККР: Шадже Анзор
Группа: 404
Место жительства: Гз
Блоки: Декораторы,Закупки,Склад,ДК
Телефон: 89284660563
ВК: @anzorshadzhe
ТГ: @A_Sh_kd
Почта: tayson0109@gmail.com
Форма обучения: Бюджет
```

```chip
Имя: Шахназарова Хадижат Ильясовна
ККР: Шахназарова Хадижат
Группа: 492
Место жительства: ДС
Блоки: Декораторы,УРС
Телефон: 89280471782
ВК: https://vk.com/yanichegoneponimat
ТГ: @Telepuzikk_20
Почта: s02220603@gse.cs.msu.ru
Форма обучения: Бюджет
```

```chip
Имя: Шестаков Дмитрий Дмитриевич
ККР: Шестаков Дмитрий
Группа: 109
Место жительства: ДСЛ
Блоки: ИнфоБлок,Спонсоры,Техники
Телефон: 89603955641
ВК: https://vk.com/id646255946
ТГ: @Sh1d1GG
Почта: mikasymik@gmail.com
Форма обучения: Бюджет
```

```chip
Имя: Щетинкин Георгий Дмитриевич
ККР: Щетинкин Георгий
Группа: 104
Место жительства: Семеновская
Блоки: ДК
Телефон: 89801574575
ВК: https://vk.com/goshashchet
ТГ: @ob9ch
Почта: g.shchet@gmail.com
Форма обучения: Бюджет
```

```chip
Имя: Юлов Павел Дмитриевич
ККР: Юлов Павел
Группа: 107
Место жительства: Ломоносовский проспект 27к11
Блоки: Декораторы,Техники,IT
Телефон: 89963330218
ВК: vk.com/y.pavel
ТГ: t.me/yulov_pav
Почта: pavel.d.yulov@gmail.com
Форма обучения: Бюджет
```",""
3,"КМБ","none","Курс молодого бойца

Привет, дорогой новобранец! Ты попал в уютную, дружную и очень большую семью (очень-очень) — **PROF.HOME** ❤️

В этом документе ты узнаешь все важные аспекты нашей жизни, а также сможешь поближе познакомиться со всеми активистами!

---

## Устройство Профкома

⭐ Председатель и его заместители aka Тачки ⭐

> **🏎️🌟 Георгий Беппиев**\
> ВК: <https://vk.com/pmcvmk>\
> ТГ: <https://t.me/whatatimetobe_alive>\
> Номер телефона: +7 926 061 86 63\
> \**Председатель студенческой комиссии Профкома ВМК МГУ*\
> \**Молния Маккуин*\
> \*\***🏎️ Егор Подъяблонский**\
> ВК: <https://vk.com/pardee>\
> ТГ: <https://t.me/Pardee_SSS>\
> Номер телефона: +7 985 335 95 74\
> \**Заместитель председателя и мастер блока HR*\
> \**Мэтр*\
> \*\***🏎️ Маргарита Вожга**\
> ВК: [https://vk.com/vozhgar](https://vk.com/vozhgar?from=search)\
> ТГ: <https://t.me/vozhgar>\
> Номер телефона: +7 985 218 39 09\
> \**Заместитель председателя и мастер блока Instagram*\
> \**Франческо Бернулли*\
> \*\***🏎️ Анна Толстова**\
> ВК: <https://vk.com/s.a.f3141592>\
> ТГ: <https://t.me/staf_ka04>\
> Номер телефона: +7 980 677 70 62\
> \**Заместитель председателя и мастер блока Zachёt*\
> \**Гвидо*

```gallery
/img/gosha.jpg|Гоша Беппиев
/img/egor.jpg|Егор Подъяблонский
/img/rita.jpg|Рита Вожга
/img/anna.jpg|Анна Толстова
https://global.s3.cloud.ru/profkom-photos/gallery/a5462c72-1304-4aa6-92f4-5ea7ac799434.jpg|Ларисочка
https://global.s3.cloud.ru/profkom-photos/gallery/ce0d38ba-2212-40ba-b308-dbdb1d4fab8a.jpg|эээээээ
```

✨ Наши бывшие председатели ✨

> **Даниил Худяков**\
> ВК: <https://vk.com/orange_ju1ce>\
> ТГ: <https://t.me/daniilssss>\
> \**Предпредсед*\
> \*\***Егор Чимбулатов**\
> ВК: <https://vk.com/toonfag>\
> ТГ: <https://t.me/m0rjique>\
> \**Предпредпредсед*\
> \*\***Даниил Хомский**\
> ВК: <https://vk.com/id331011848>\
> \**Предпредпредпредсед*\
> \*\***Вадим Виль**\
> ВК: <https://vk.com/vadim_vil>\
> ТГ: <https://t.me/vadimvil>\
> \**Предпредпредпредпредсед*

## Блоки

Для удобной и эффективной работы в Профкоме есть распределение обязанностей по **22 блокам**, у каждого из которых есть свой Мастер.

> **Мастер** — человек, который отвечает за всё, что делается в его блоке и его блоком. Ты всегда можешь обратиться за помощью к нему, если что-то не получается, или за советом, если ты в чём-то не уверен. Описание всех блоков можно прочитать здесь.

> **Дмитрий Гудов**\
> ВК: <https://vk.com/gudov2015>\
> ТГ: <https://t.me/kr0sh_512>\
> \**Мастер БДНС*\
> \*\***Максим Гребеньков**\
> ВК: <https://vk.com/ownage17>\
> ТГ: <https://t.me/ownage17>\
> \**Мастер Видеолабы*\
> \*\***Анзор Шадже**\
> ВК: anzorshadzhe\
> ТГ: <https://t.me/A_Sh_kd>\
> \**Мастер Дня Карьеры*\
> \*\***Анастасия Рыжикова**\
> ВК: <https://vk.com/ananastasiar>\
> ТГ: <https://t.me/sia_rrr>\
> \**Мастер Декораторов*\
> \*\***Мария Среданович**\
> ВК: <https://vk.com/sredamar>\
> ТГ: <https://t.me/sredamar>\
> \**Мастер Дизайна*\
> \*\***Михаил Кобылинский**\
> ВК: <https://vk.com/kobylinskii_m>\
> ТГ: <https://t.me/kobylinskii>\
> \**Мастер Досуга Профкома*\
> \*\***Сергей Чистоперов**\
> ВК: <https://vk.com/pos5sup>\
> ТГ: pos5sup\
> \**Мастер Закупок*\
> \*\***Мария Логвинова**\
> ВК: <https://vk.com/maria_logg>\
> ТГ: <https://t.me/more_logical>\
> \**Мастер ИнфоБлок*\
> \*\***Рина Ефремова**\
> ВК: <https://vk.com/rise13167>\
> ТГ: <https://t.me/rise13167>\
> \**Мастер Креативной группы*\
> \*\***Анна Бондаренко**\
> ВК: <https://vk.com/bondarenko.anya>\
> ТГ: <https://t.me/anechkabond>\
> \**Мастер Материальной помощи*\
> \*\***Ульяна Уткина**\
> ВК: <https://vk.com/uliana_jane>\
> ТГ: <https://t.me/uliana_jane>\
> \**Мастер Профоргов*\
> \*\***Михаил Коднир**\
> ВК: <https://vk.com/m1sh2ka>\
> ТГ: <https://t.me/M1sh2ka>\
> \**Мастер Спонсоров*\
> \*\***Александр Малахов**\
> ВК: <https://vk.com/v1sp1>\
> ТГ: <https://t.me/Vispi0_o>\
> \**Мастер Склада*\
> \*\***Роман Кашкин**\
> ВК: <https://vk.com/nuxai_bebrur>\
> ТГ: <https://t.me/Kashkin_RA>\
> \**Мастер Сценаристов*\
> \*\***Владислав Огай**\
> ВК: <https://vk.com/o.vladisluvv>\
> ТГ: <https://t.me/ovladisluvv>\
> \**Мастер Техников*\
> \*\***Алёна Алексеева**\
> ВК: <https://vk.com/vrodealyona>\
> ТГ: <https://t.me/megagnom111>\
> \**Мастер Улучшения рабочей среды*\
> \*\***Яна Зайцева**\
> ВК: <https://vk.com/id124408879>\
> ТГ: <https://t.me/yana_zaytseva28>\
> \**Мастер Фото*\
> \*\***Егор Подъяблонский**\
> ВК: <https://vk.com/pardee>\
> ТГ: <https://t.me/Pardee_SSS>\
> \**Мастер HR*\
> \*\***Хадя Шахназарова**\
> ВК: <https://vk.com/yanichegoneponimat>\
> ТГ: <https://t.me/Telepuzikk_20>\
> \**Мастер Экоблока*\
> \*\***Маргарита Вожга**\
> ВК: <https://vk.com/vozhgar>\
> ТГ: <https://t.me/vozhgar>\
> \**Мастер Instagram*\
> \*\***Анна Толстова**\
> ВК: <https://vk.com/s.a.f3141592>\
> ТГ: <https://t.me/staf_ka04>\
> \**Мастер Zachёt*\
> \*\***Даниил Загатин**\
> ВК: <https://vk.com/daniilzagatin>\
> ТГ: <https://t.me/ZagatinDaniil>\
> \**Мастер IT*

---

## Медиа Prof.Home

У нас есть чудесный паблик **P R O F . H O M E**. Мы теперь Профкомовские хоуми, шаришь? В ссылках ты сможешь найти таблички с контактной информацией. Проверьте, являются ли ваши данные в таблице актуальными. Мы НЕ меняем ручками список блоков, это делается автоматически.

Также у нас есть свой уютненький инстаграм **P R O F . H O M E**.

---

## Стиль жизни профкомовца

Ты уже наверняка знаешь, что в нашем распоряжении есть 2 кабинета: **646 и 647**. Летом 2018 и летом 2019 эти аудитории ремонтировались силами активистов Профкома, поэтому давай ценить этот труд ;)

В 646 есть печеньки и чай. Чтобы они там не заканчивались, мы каждый месяц кидаем подъёмную сумму Гоше (сбер по номеру `+7 926 061 86 63`), чтобы он оплачивал чеки дежурным. Этот денежный сбор не обязателен, но он идёт также на канцелярию и другие нужды профкома, поэтому будет классно, если ты тоже присоединишься)

У каждого из нас есть кое-какие обязанности, о которых важно помнить. Чтобы в кабинетах было приятно находиться, мы стараемся поддерживать чистоту и порядок. Для этого каждую неделю назначаются дежурные, которые убирают кабинет и следят за тем, чтобы остальные активисты тоже следили за чистотой.

---

## Правила сожительства в четырёх стенах

Каждый профкомовец в 646 должен уметь…\
**…помочь студентам, заглянувшим по поводу Матпомощи, БДНС или карты Zachёt!**

К нам часто заглядывают те, кому нужно подать заявление на Матпомощь, БДНС и т.д. Этим людям нужно уметь помогать, для этого необходимо проверить наличие всех необходимых документов и подписей/печатей в подаваемых заявлениях.

> ❗ Для того чтобы понимать, что делать с тем или иным заявлением, обязательно нужно ознакомиться с Гайдом по приему матпомощи, Гайдом по приему заявлений на возврат билетов, Гайдом по приёму БДНС и Гайдом по проверке заявлений на Zachёt.

Общие правила

Каждый из нас должен заботиться о нашем доме, поэтому:

1. **Не мусори!**
2. **Вовремя забирай свои вещи из кабинетов.** У нас есть негласное правило — если вещь лежит в Профкоме ≥2 недель, то она становится общей =&gt; уезжает на склад.
3. **Не ешь дошики в профкоме!** Они оооооооочень сильно пахнут :( Если ты что-то ешь, то обязательно выкидывай весь мусор, который остаётся после тебя.
4. **Не забывай мыть за собой кружки** (пожалей дежурных)!
5. **В 646 полностью запрещён мат до 18:00.** Дальше можно ругаться. В 647 мат разрешён. Только не забывайте закрывать дверь!
   - *Про штрафы:* за каждую единицу мата на доске вы должны скинуть 10 рублей в казну профкома.
6. В кабинете 647 иногда проходят собрания (мастеров/ответственных/председа) или кто-то переодевается, поэтому, если дверь туда закрыта, то на всякий случай уточни у сидящих в 646, не занято ли там, чтобы никому не помешать. Ещё на двери есть табличка, которая может тебе явно намекнуть на занятость кабинета.

Летние правила

Летом в профкоме почти наверное всегда не бывает людей, особенно в июле. Тем не менее, вы можете приходить туда, чтобы провести время с пользой для себя или любимой организации, собраться поиграть в настолки или что-то коллективно порешать. Главное соблюдать простые правила:

- Летом вам, как и всегда, доступны кондиционеры и окна, дабы спастись от летнего зноя, однако **не забывайте выключать их**, даже если отходите куда-то на время. Тем более, если уходите, проверьте, что все окна закрыты, а кондиционеры выключены.
  - *Важное уточнение:* не открывайте окна, если включен кондиционер, чтобы избежать его поломки.
- Кофемашина на летний период уходит в отпуск до конца августа-начала сентября. Вместо неё в 646 есть растворимый кофе на случай вашей острой нужды в напитке.
- Холодильник летом тоже отдыхает. Вся еда с началом сезона из него выбрасывается независимо от её владельцев, а сам он не используется до конца августа-начала сентября. Соответственно, никакую еду оставлять в профкоме в этот период нельзя.
- Вся вода выливается перед тем, как вы выходите из кабинета. И из фильтров, и из чайника.
- Весь мусор из вёдер надо выкинуть в туалет прежде чем вы уйдёте из кабинета.
- Перед вашим уходом постарайтесь вернуть ваше рабочее место в прежнее состояние: протрите стол, сложите вещи на их места, проверьте, что не оставили включёнными в сеть лишние электроприборы.

Клуб кофеманов

Это клуб, который при своем основании купил в профком кофемашину, скинувшись всем коллективом. Члены клуба могут пить кофе, и каждый месяц вкидывают на это какую-то денежку (300 рублей или меньше), чтобы получить замечательный черный или молочный напиток после бессонных ночей. Если вы хотите к ним присоединиться, то напишите Стёпе Мальчевскому и будьте готовы, что каждый месяц вам тоже нужно будет платить взнос на кофе.

> **Степан Мальчевский** (Главный кофеман)\
> ВК: https://vk.com/your_dark_halfy\
> ТГ: https://t.me/UsamStudent\
> Номер телефона: +7 916 847 1442

---

## Роли

Главный организатор

Эту роль исполняет один человек (но у него может быть 1-2 помощника), и выбирается он председателем сильно заранее из уже опытных профкомовцев. Это человек, который отвечает за подготовку и проведение ВСЕГО мероприятия целиком, чтобы всё происходило вовремя и без крупных факапов (запомните уже сейчас, это пригодится всем: *факапы есть и будут всегда и везде, предусмотреть всё невозможно, важно минимизировать их количество и последствия, которые они несут*). Он настраивает работу над отдельными его частями на начальном этапе и отлаживает все процессы по их подготовке, следя за работой ответственных посредством общения с ними.

Ответственные

Несколько человек, которые отвечают за подготовку и проведение составных мероприятий (для одного мероприятия требуется один ответственный, но у него также могут быть помощники). Их выбирает главорг из тех, кто в форме изъявил желание попробовать себя в этой роли. Чаще всего выбирают тех активистов, с кем спокойно и комфортно работать, т.е. наиболее опытных и ответственных. Ответственный налаживает более мелкие процессы по своему мероприятию, занимается скорее деталями и их реализацией, согласовывая свои действия с главоргом.

Мастера

Эти люди, как мы уже говорили, отвечают за работу блоков профкома. Мастер находится на одной ступени “иерархии” с ответственным. Ответственные передают то, что им нужно от блока мастерам (например, Видеолабе может прийти задача “снять промо” для того или иного мероприятия), а мастера уже назначают исполнителей конкретных задач, которые помогут ребятам из команды мероприятия со своей “профессиональной” стороны вопроса.

Организаторы

Люди, которые выполняют задачи по непосредственной подготовке мероприятия. Их работу курируют ответственные. Организаторы выбирают и продумывают КПшки для своего мероприятия, составляют сметы, придумывают вместе с ответственным концепцию своего мероприятия и многое другое. Например, из организаторов же впоследствии выбирают КПшников, поскольку они лучше кого бы то ни было понимают, что происходит в их мероприятии.

Волонтёры

Это ребята, которые не являются членами команды организаторов, но всё равно каким-то образом помогают мероприятию: например, выступают в роли актёра на квесте или промоутера на Дне Карьеры. Ими могут быть и люди не из Профкома.

---

## Мероприятия

Посвят

Посвящение первокурсников ВМК в студенты. Совокупность мероприятий, проводимых в один день в начале года для первокурсников. Среди них не только развлекательные (квест, обряд и т.д.), но и организационные: например, раздача футболок. Традиционно проходит во вторую/третью субботу сентября. Подготовка к нему идет всё лето, а иногда даже весной, перед летней сессией.\
*(Примечание: не то же самое, что общемгушное посвящение в студенты - мероприятие, организуемое ОПК, а не Профкомом ВМК).*

ША (Школа Актива)

Трёхдневное (обычно) “внутреннее” мероприятие, на которое приглашаются самые креативные и активные первокурсники-второкурсники. Перед этим мероприятием необходимо пройти небольшое собеседование у председа или кураторов для отбора людей, которым действительно интересно заниматься организацией мероприятий. На ША проводятся не только и не столько развлекательные, сколько обучающие и познавательные мероприятия, в том числе и лекции.\
*(Кураторы - несколько достаточно опытных профкомовцев, которые помогают участникам в течение ША).*

Новый год

Ряд мероприятий в начале-середине декабря, чтобы создать праздничную атмосферу на факультете.

ДФ (День Факультета)

Совокупность нескольких абсолютно разных по масштабу, длительности и характеру в целом мероприятий, проходящих в течение месяца в марте-апреле. Всё происходящее приурочено ко Дню основания факультета ВМК.

ДК (День Карьеры)

Проходит 2 раза в год: весной и осенью. У этого мероприятия, в отличие от предыдущих, стационарно есть своя команда и главорги (но волонтёры в день самого мероприятия тоже требуются), сейчас главорг ДК — Анзор Шадже. День Карьеры проводится, как правило в один день: к нам на факультет приезжают разные компании, рассказывают о своей работе и стажировках, проводят познавательные лекции, розыгрыши своего мерча, и т.д.

Выдача дипломов

Организацией этого мероприятия также в большой мере занимаемся мы. В мае набирается команда организаторов, которая продумывает сценарий и фишки этого важного для выпускников дня.

> Перед каждым крупным мероприятием каждый профкомовец должен заполнить форму, в которой он может выбрать подмероприятие, в организации которого он хотел бы принять участие, и свою желаемую роль на нем. Также есть возможность не участвовать непосредственно в организации каких-либо мероприятий, а выполнять задачи внутри своего обычного рабочего блока (понятно, что тогда внутренними задачами вас нагружают больше, чем обычно).

---

## Для ответственных и главоргов

Все мероприятия так и иначе должны сопровождаться документами, подписанными администрацией. Некоторые из них достаточно специфичны, однако мы постарались собрать шаблоны основных больших документов специально для вас! Также в течение мероприятий с вас, как с ответственных и/или главоргов будут собираться документы, которые опционально появлялись в вашей работе для, всё также, пополнения данной базы.

Большое Общее Собрание (БОС)

Несколько раз в год случается общий сбор активистов Профкома - Большое Общее Собрание. На нем подводятся итоги прошедшего сезона и составляются планы на светлое будущее. Обычно это собрание проводится два раза в год, но из-за крупных событий (типа избрания нового председа или эпидемии, например) такие собрания могут случаться и чаще. Пропускать такие собрания без уважительной причины крайне нежелательно.

---

## Морально-социальный блок

Очень важно помнить, что быть главоргом, помощником главорга, ответственным и мастером достаточно сложно. Большую часть работы, которую они выполняют, вы можете не видеть и не ощущать, но, поверьте, они ПОСТОЯННО что-то делают, над чем-то думают, о чем-то договариваются. Также нужно понимать, что они видят картину подготовки более полно, чем организаторы, поэтому если к вам с какой-то просьбой обратился главорг/ответственный/мастер, постарайтесь выполнить просьбу максимально ответственно и быстро.

Ко всем своим товарищам нужно относиться с уважением, но особенно обратите внимание на этих ребят. Они будут вам максимально благодарны за помощь и отзывчивость.

Если вы понимаете, что возникла какая-то проблема (связанная с мероприятием, блоком или любая другая), есть какие-то предложения, либо просто хочется быть услышанным, получить поддержку и разгрузиться - всегда можно написать замам или председу, они никогда не окажутся в стороне и постараются войти в ваше положение.

---

## Контроль Качества Работы (ККР)

Для большего комфорта и продуктивности в Профкоме постоянно проводится оценивание работы каждого из активистов. По итогам ККР (дата окончания каждого из отчетных периодов сообщается заранее) мы награждаем золотыми редбуллами самых выдающихся профкомовцев и кикаем самых крупных вафель.

Что, зачем и почему можно прочитать в Гайде по заполнению таблиц ККР (и НУЖНО, поскольку это непосредственно касается каждого из нас).

---

## Особое внимание

Основные правила чата #вмкненавыезде:

1. **Стараемся не флудить:** обсуждения лучше переносить в лс (если они личные), сообщения писать законченные (не разбивать простой вопрос «ребят, а вот мне интересно, сколько раз можно заваривать один пакетик чая? черного конечно» на 4 сообщения, потому что многие не отключают уведомления и им это очень мешает).
2. **В чате запрещены голосовые сообщения** (в том числе видеосообщения), не всем комфортно и удобно их слушать/смотреть.
3. **Не материмся, не ссоримся и не оскорбляем никого** (либо идите в лс, либо выбирайте выражения).
4. **Из чата ничего не пересылаем (без разрешения).**
   - *Пояснение:* многое, написанное тут, люди со стороны могут понять иначе. Это правило строгое: обязательно спросите, перед тем, как что-то пересылать.
5. **Все сообщения лучше читать**, либо просить переслать важное, если пропустили очень много сообщений.
   - Часто в беседе происходят опросы и закидываются сообщения через `@channel` (некоторые из них дублируются в группу PROF.HOME и/или в рассылку). Это важные вещи, их необходимо отслеживать и читать, даже если по-вашему мнению они вам не важны.
6. **В чат никого не добавлять.**
7. **Не использовать этот чат, как платформу по продвижению проектов своих друзей** или рекламы (опять же, без договоренности с председателем или замами).

Правила поведения вне чата:

1. Мы НЕ приглашаем людей не из Профкома в кабинеты 646/647 (для «посидеть») или на наши закрытые мероприятия (собрания, походы в кино/тусы/и тд) без особого разрешения от Гоши.
2. Мы помним, что являемся частью большой студенческой организации, каждый из нас для внешних людей ассоциируется с профкомом. Именно поэтому активист должен чётко осознавать что он пишет/говорит в публичном пространстве, что доносит людям и как держит свой образ, потому что иногда неаккуратно сказанное слово может в неправильном свете выставить профком, либо кого-то из профкома. Внимательно следите за своей речью и поведением.
3. Мы ни в коем случае не пользуемся именем профкома в своих корыстных целей, для обмана чьего-то доверия или для других личных целей, не согласованных с председателем. Если председатель узнает о таком прецеденте — вас ждёт незамедлительный кик.

> За нарушение этих правил вам может прилететь БанХаммером по лицу, что выкинет вас из чата и, соответственно, лишит статуса члена команды профкома.

> *""Никогда не обнимай девушек сзади""*\
> ©️ Вадим Виль

---

## Важные люди на факультете

> **Соколов Игорь Анатольевич**\
> Кабинет: 632, 633, 634\
> \**Декан факультета ВМК*\
> \*\***Крылова Елена Михайловна**\
> Кабинет: 632, 633, 634\
> \**Помощница декана*\
> \*\***Федотов Михаил Валентинович**\
> Кабинет: 635, 691 (тут чаще)\
> \**Зам. декана по учебной работе*\
> \*\***Новиков Игорь Олегович**\
> Кабинет: 638\
> \**Начальник отдела по внеучебной работе и работе с общежитиями*\
> \*\***Кульченков Владимир Григорьевич**\
> Кабинет: 683\
> \**Зам. декана по административно-хозяйственной работе*\
> \*\***Морев Лев Георгиевич**\
> Кабинет: Обычно сидит в 632\
> \**Начальник штаба по делам ГО и ЧС факультета*\
> \*\***Пряникова Людмила Виссарионовна**\
> Кабинет: 628\
> \**Заведующая учебным отделом*\
> \*\***Кабалевская Галина Борисовна**\
> Кабинет: 655\
> \**Заместитель декана по общественным связям ВМК*\
> \*\***Поставничая Виктория Анатольевна**\
> Кабинет: 685\
> \**Выполняющая обязанности председателя ""Старшего"" Профкома ВМК*\
> \*\***Денисов Пётр Васильевич**\
> Кабинет: 648\
> \**Начальник отдела кадров*

*(Посмотреть, как выглядят представители нашей админки можете в соответствующих разделах).*",""
